ID,TARGET
0,9685.004
1,55620.168
2,9636.289
3,30054.775
4,20624.102
5,132752.0
6,162957.56
7,6103.076
8,15192.399
9,2316.2324
10,11573.214
11,127108.81
12,27882.629
13,46110.523
14,77076.1
15,34257.254
16,29013.496
17,14985.647
18,57719.93
19,166745.03
20,8399.696
21,193510.06
22,97067.16
23,2316.5276
24,69482.84
25,10938.492
26,59700.945
27,446563.16
28,194721.14
29,17924.074
30,24453.357
31,1026.9854
32,23127.668
33,74309.336
34,2890.6956
35,16671.432
36,15795.194
37,1277.4379
38,513.4021
39,24017.332
40,69297.68
41,15730.67
42,40253.145
43,4873.6387
44,54758.05
45,1291.157
46,26412.844
47,8702.369
48,8552.503
49,10997.449
50,10188.088
51,4269.021
52,6892.736
53,222077.1
54,18412.14
55,48863.168
56,4124.331
57,3916.9731
58,62160.543
59,22762.1
60,26427.582
61,32627.035
62,35423.695
63,25707.533
64,22798.512
65,2336.8
66,56335.742
67,128091.21
68,5587.0386
69,71606.7
70,23545.633
71,6513.837
72,41321.277
73,22996.535
74,9974.513
75,15671.161
76,17482.309
77,13263.601
78,23878.309
79,10531.614
80,4270.459
81,9009.088
82,14343.819
83,2079.165
84,64719.863
85,17154.504
86,1592.7555
87,8767.093
88,10270.793
89,16152.327
90,17030.889
91,204400.1
92,44677.375
93,26850.686
94,64473.01
95,46712.17
96,72449.55
97,19081.215
98,6245.381
99,5638.482
100,13015.416
101,56531.86
102,41872.656
103,25399.926
104,31969.81
105,4451.518
106,13925.658
107,84172.49
108,28894.977
109,3303.3875
110,26056.535
111,59252.22
112,13506.787
113,4458.9043
114,33337.52
115,24071.105
116,37880.07
117,7808.5625
118,931.98126
119,11164.664
120,38201.03
121,308.0666
122,13051.303
123,140861.34
124,11083.489
125,12816.23
126,18944.15
127,31315.79
128,11873.74
129,3405.592
130,8671.465
131,32765.953
132,23542.062
133,13293.805
134,7927.4463
135,50256.973
136,29275.354
137,46454.32
138,4801.2095
139,13953.831
140,2848.1562
141,4358.795
142,21114.18
143,138218.52
144,22799.795
145,155822.47
146,27879.412
147,23746.43
148,6129.714
149,2910.0366
150,36880.62
151,6867.8506
152,7836.99
153,2629.359
154,5099.433
155,9076.465
156,1820.2805
157,72308.59
158,1152.8192
159,2758.404
160,6345.042
161,140952.58
162,14490.035
163,1524.4143
164,12240.617
165,6676.797
166,128785.97
167,9940.058
168,55604.47
169,59142.695
170,17533.338
171,44059.895
172,26490.266
173,9332.844
174,9319.626
175,1110.1685
176,31565.475
177,50914.47
178,820.23065
179,24027.344
180,168029.6
181,1450.6216
182,159243.81
183,2426.6885
184,24805.055
185,12163.831
186,7820.272
187,15962.08
188,7543.64
189,30993.385
190,32065.63
191,32815.395
192,155001.22
193,53242.465
194,6888.9565
195,15080.26
196,29637.86
197,22057.418
198,9070.182
199,27821.613
200,10960.914
201,67844.58
202,195.72296
203,952.1145
204,2556.0964
205,2340.2148
206,56262.88
207,15159.254
208,240765.88
209,153463.28
210,5014.333
211,53696.867
212,36219.18
213,28447.475
214,5527.749
215,16340.166
216,26393.102
217,6123.6016
218,3810.5908
219,99052.47
220,4242.913
221,27978.766
222,52618.047
223,14895.875
224,618.69763
225,4943.41
226,14688.451
227,17675.125
228,16632.395
229,40245.656
230,4244.4473
231,5317.9844
232,873.63617
233,59562.07
234,108993.055
235,103002.734
236,2884.99
237,4717.344
238,366.56683
239,30187.953
240,1475.8744
241,35967.45
242,40635.89
243,30277.277
244,4748.033
245,74771.836
246,3351.9048
247,58747.39
248,35130.656
249,14439.227
250,138120.08
251,69689.625
252,9089.988
253,4703.474
254,4567.046
255,53907.855
256,36952.09
257,25086.143
258,28185.71
259,4138.617
260,4953.393
261,30180.266
262,14868.354
263,48725.61
264,37997.77
265,30140.602
266,25819.059
267,7027.543
268,56711.57
269,11997.742
270,63829.156
271,10086.365
272,197524.8
273,13666.7295
274,34671.395
275,15023.785
276,30425.25
277,2996.2722
278,121762.28
279,56932.832
280,35300.125
281,159595.17
282,51624.47
283,1261.184
284,37617.55
285,5693.6294
286,40990.242
287,70667.164
288,17700.852
289,93141.16
290,26690.834
291,139461.03
292,49642.086
293,1639.9895
294,6208.663
295,2454.6685
296,11811.81
297,65746.84
298,145266.55
299,74415.64
300,5297.9805
301,69034.02
302,36194.18
303,9617.484
304,36818.344
305,4528.563
306,93335.266
307,5710.31
308,16549.607
309,27824.533
310,63726.184
311,35013.254
312,40016.137
313,48024.14
314,35472.004
315,58710.367
316,26388.646
317,16328.513
318,35285.418
319,51274.133
320,6075.1743
321,7081.439
322,5936.996
323,413.6872
324,32782.49
325,63031.69
326,33720.66
327,13150.55
328,44967.883
329,10319.938
330,7457.9688
331,49100.383
332,26175.94
333,7673.502
334,5045.408
335,5047.1123
336,14980.703
337,2340.0898
338,4630.8296
339,8690.301
340,6542.38
341,7765.618
342,66188.3
343,43707.336
344,9196.062
345,21514.115
346,35128.613
347,29373.32
348,9587.71
349,25547.32
350,14422.545
351,7315.1294
352,10744.751
353,12147.959
354,143169.69
355,57860.305
356,44540.684
357,62675.03
358,12431.023
359,15259.081
360,82676.47
361,6225.5166
362,11765.363
363,32978.664
364,22581.574
365,9296.703
366,3428.2036
367,163009.31
368,3668.6528
369,52647.41
370,35990.816
371,4071.1907
372,14921.512
373,17914.469
374,116709.4
375,2565.6763
376,31680.197
377,8103.6685
378,19444.297
379,12754.152
380,34998.598
381,72268.266
382,30342.201
383,4814.849
384,30326.463
385,6044.9263
386,36088.363
387,103955.15
388,5504.1724
389,8969.135
390,3743.8472
391,125593.44
392,2937.438
393,72965.44
394,33404.324
395,14769.759
396,71630.336
397,6463.995
398,93598.22
399,79556.7
400,9394.449
401,6526.1504
402,7552.301
403,11697.691
404,5618.95
405,23346.29
406,7844.6333
407,40034.305
408,31256.979
409,20090.39
410,4755.0356
411,29639.98
412,6635.15
413,4766.775
414,5817.909
415,6126.4873
416,42004.203
417,24316.172
418,17045.092
419,7438.5884
420,674.9306
421,48306.09
422,2358.279
423,5046.915
424,4204.8057
425,9565.943
426,6070.3027
427,95778.03
428,18594.416
429,86535.41
430,87020.29
431,10951.6875
432,106041.195
433,23447.102
434,43888.535
435,2530.8877
436,9814.566
437,42357.93
438,164290.95
439,121192.06
440,133852.55
441,13057.803
442,1528.3276
443,49070.33
444,34756.215
445,30745.03
446,58317.117
447,25686.21
448,3559.0176
449,31149.996
450,116791.91
451,5108.3423
452,38036.926
453,8829.973
454,45473.67
455,6559.832
456,14148.561
457,8386.0
458,10412.301
459,50090.023
460,67407.95
461,115251.59
462,60345.215
463,800.59467
464,8673.044
465,29348.203
466,12592.62
467,77266.58
468,4813.242
469,84951.03
470,2482.9114
471,15470.0625
472,26572.121
473,47139.965
474,3740.0134
475,24980.26
476,22821.658
477,75437.88
478,9480.799
479,8905.272
480,20212.566
481,32460.613
482,31861.725
483,7581.965
484,24267.01
485,69442.695
486,11763.489
487,12206.867
488,13751.561
489,10333.748
490,6090.2246
491,1657.5305
492,26779.564
493,44235.297
494,5255.931
495,17909.857
496,3609.3872
497,15864.068
498,193783.75
499,13730.945
500,44699.07
501,39070.953
502,93312.3
503,120757.69
504,9860.26
505,10164.415
506,304.72653
507,26708.328
508,394.05005
509,107693.24
510,17459.348
511,54379.242
512,77892.8
513,36254.53
514,7438.042
515,24526.324
516,50947.16
517,35504.46
518,110037.89
519,209338.94
520,16191.241
521,54355.133
522,13868.547
523,66515.07
524,102430.164
525,7724.862
526,7609.328
527,2714.683
528,13549.352
529,96545.44
530,32018.998
531,13310.666
532,111307.93
533,21494.059
534,93944.94
535,7617.338
536,17852.64
537,22548.174
538,91701.23
539,4141.832
540,72990.7
541,10511.223
542,71648.71
543,12429.364
544,18788.51
545,81304.68
546,71550.11
547,35405.758
548,45583.48
549,15712.962
550,13217.848
551,4695.8306
552,26850.25
553,7960.6714
554,61093.953
555,14127.822
556,6156.662
557,25174.03
558,16861.592
559,11122.374
560,23325.102
561,2201.4932
562,9078.698
563,23679.398
564,25341.469
565,4191.246
566,28066.477
567,6186.112
568,10689.044
569,48758.01
570,52557.11
571,245963.83
572,133844.38
573,26255.146
574,8837.092
575,23167.89
576,207613.8
577,84478.086
578,1015.3166
579,52265.902
580,10726.023
581,68293.734
582,4522.0317
583,6886.6836
584,54705.54
585,17269.957
586,5571.919
587,6487.256
588,16865.018
589,14535.615
590,1584.9048
591,2201.9785
592,25360.424
593,26842.773
594,26252.418
595,39948.645
596,3068.893
597,18198.871
598,1683.4565
599,2573.4424
600,6451.1836
601,93165.31
602,39723.66
603,5370.551
604,1720.8699
605,18662.764
606,28403.855
607,2096.686
608,117029.39
609,42426.17
610,14229.853
611,48451.15
612,1840.3158
613,40399.055
614,8988.188
615,63575.273
616,5418.13
617,75496.83
618,17018.402
619,79613.625
620,57488.098
621,1242.0844
622,89521.01
623,267635.75
624,17788.617
625,3029.01
626,3694.4482
627,2422.9592
628,33454.22
629,13431.573
630,43367.24
631,16399.086
632,30373.18
633,33548.344
634,367711.9
635,2068.3489
636,12416.307
637,8406.733
638,47037.844
639,15783.344
640,14508.012
641,39436.703
642,21903.883
643,9038.299
644,60784.074
645,14633.387
646,111324.484
647,11465.589
648,2652.2222
649,933.42065
650,53007.484
651,16003.969
652,4085.6904
653,22343.46
654,106677.89
655,15531.681
656,5857.1636
657,5123.89
658,7904.524
659,1396.7019
660,6224.0796
661,83478.83
662,2837.3909
663,1000.14374
664,7958.1357
665,10454.523
666,33507.223
667,9857.345
668,3693.5178
669,3035.6316
670,149447.94
671,30999.326
672,26724.15
673,77237.48
674,11638.488
675,45146.9
676,140013.95
677,5863.8716
678,64700.98
679,11447.287
680,53528.85
681,81847.625
682,21212.293
683,6864.4585
684,7866.917
685,27756.312
686,12291.953
687,23847.2
688,105921.32
689,12443.36
690,20901.443
691,5428.419
692,6585.9316
693,1394.324
694,81404.92
695,49970.5
696,38984.266
697,19652.434
698,10287.764
699,44778.727
700,3101.0095
701,60740.496
702,2655.1287
703,2891.8733
704,7118.1694
705,1981.5057
706,5492.9385
707,167281.31
708,18079.002
709,3043.002
710,48722.266
711,4913.6562
712,32078.172
713,8327.258
714,63748.734
715,2154.2388
716,46753.797
717,15113.103
718,34625.168
719,6581.611
720,6686.541
721,1770.6139
722,10545.324
723,15064.103
724,39528.805
725,2400.2847
726,26672.844
727,19478.467
728,1568.0751
729,4649.978
730,31696.428
731,20201.523
732,7300.687
733,411967.2
734,6041.9517
735,4104.828
736,6052.1494
737,9291.952
738,118424.266
739,24636.25
740,2776.5808
741,76587.59
742,25966.186
743,7604.3223
744,28847.232
745,917.3275
746,231517.5
747,11268.551
748,98843.92
749,1291.112
750,1694.1005
751,152379.28
752,23475.607
753,849.39453
754,15770.223
755,12537.375
756,31012.396
757,53807.594
758,13760.652
759,3406.4922
760,5560.5303
761,1236.4984
762,29835.898
763,4125.7007
764,68122.2
765,19771.113
766,44599.98
767,20097.828
768,12809.191
769,20471.58
770,33300.977
771,105666.664
772,160286.6
773,128020.625
774,11110.097
775,11172.535
776,2588.0947
777,41791.95
778,10995.174
779,24532.756
780,14584.37
781,7246.09
782,9330.236
783,7204.926
784,5376.7734
785,156716.06
786,53241.043
787,68634.05
788,5622.365
789,29030.518
790,111066.91
791,1498.5903
792,91982.21
793,21718.955
794,36329.883
795,23152.938
796,28889.633
797,1886.1919
798,4430.6504
799,69158.766
800,110582.836
801,25352.031
802,7073.1226
803,107613.37
804,1975.4064
805,4981.876
806,38359.33
807,16963.695
808,77592.81
809,2285.368
810,2170.6392
811,13790.699
812,39495.832
813,32241.31
814,3744.483
815,3008.5713
816,4156.849
817,39746.168
818,7659.6084
819,8788.123
820,17336.693
821,7357.3794
822,33157.86
823,3854.6233
824,36731.438
825,11004.595
826,12773.824
827,6914.2217
828,7126.2466
829,3234.1543
830,8433.429
831,8584.171
832,40716.305
833,98030.01
834,673.2583
835,20026.057
836,5218.116
837,15672.357
838,38481.01
839,18537.188
840,2949.4534
841,22550.754
842,54801.727
843,9188.031
844,925.8581
845,14181.187
846,160744.62
847,7212.874
848,15386.6455
849,85204.1
850,5842.3213
851,9944.42
852,58003.73
853,8969.417
854,10434.013
855,2942.037
856,15436.149
857,8468.378
858,3263.4763
859,6215.4893
860,74733.195
861,8465.608
862,4177.966
863,4084.2993
864,6464.0195
865,14121.154
866,984.1117
867,49466.234
868,30720.291
869,66423.16
870,4775.135
871,7206.6094
872,42717.562
873,63661.246
874,13565.748
875,2034.0839
876,6218.5195
877,13632.297
878,40901.6
879,5463.686
880,27255.232
881,54385.57
882,1403.5789
883,28576.746
884,84167.27
885,94692.78
886,21033.824
887,287.22778
888,6410.4976
889,18523.367
890,124994.67
891,18138.207
892,34019.973
893,12767.941
894,23737.488
895,1799.0276
896,1369.7921
897,32186.717
898,22070.549
899,4478.209
900,145132.92
901,49986.23
902,337878.28
903,13716.023
904,3026.1392
905,5225.6626
906,91971.86
907,25649.32
908,20898.992
909,13499.833
910,2447.6726
911,4713.121
912,11136.269
913,19526.883
914,20342.66
915,29643.71
916,2135.909
917,9559.377
918,31021.004
919,31350.094
920,12099.359
921,42805.28
922,707.6763
923,2362.1365
924,7925.3296
925,10381.115
926,27468.246
927,6528.703
928,13890.123
929,8212.172
930,60889.957
931,19542.682
932,51840.516
933,8933.064
934,81171.03
935,5068.1704
936,5827.078
937,10283.535
938,18292.14
939,5495.7734
940,3493.7349
941,185857.5
942,4012.6057
943,8241.055
944,7528.7896
945,76561.664
946,3410.3809
947,5654.6235
948,99640.17
949,5621.341
950,6812.571
951,9105.529
952,38707.746
953,14636.82
954,94441.16
955,33941.254
956,78318.49
957,60036.098
958,13247.974
959,7226.75
960,5046.823
961,85569.484
962,62518.742
963,16607.746
964,25257.863
965,14733.39
966,19264.803
967,32856.48
968,33265.457
969,21362.793
970,22764.684
971,9839.385
972,9823.716
973,57569.57
974,3356.6052
975,25260.61
976,17422.82
977,32958.953
978,22700.055
979,13224.002
980,73568.09
981,17377.367
982,4640.5312
983,97764.58
984,7315.2827
985,30895.258
986,32762.111
987,10994.114
988,914.4437
989,25731.006
990,29011.145
991,5511.4697
992,2189.1458
993,8202.246
994,24724.164
995,10949.421
996,20452.377
997,48844.484
998,34024.71
999,19719.027
1000,16573.996
1001,9197.623
1002,23892.844
1003,3960.1035
1004,52512.52
1005,36540.11
1006,222548.39
1007,9603.003
1008,14935.508
1009,9510.776
1010,17385.273
1011,4232.0396
1012,15498.195
1013,31456.324
1014,16250.136
1015,77396.445
1016,32086.066
1017,33250.867
1018,78032.58
1019,78743.37
1020,14339.88
1021,1367.9631
1022,28140.693
1023,8492.425
1024,5116.7305
1025,6467.4053
1026,77405.16
1027,2560.2139
1028,52165.01
1029,7240.9287
1030,15236.046
1031,22355.994
1032,5316.914
1033,48330.28
1034,1127.7664
1035,37101.53
1036,25053.41
1037,94513.33
1038,4490.8457
1039,26578.963
1040,9259.651
1041,9118.679
1042,6550.953
1043,64554.105
1044,49447.652
1045,23972.227
1046,57000.85
1047,6462.7373
1048,54285.555
1049,17135.945
1050,22875.875
1051,2933.6487
1052,8650.532
1053,26531.352
1054,7312.353
1055,128968.12
1056,31130.217
1057,20296.691
1058,42621.28
1059,53695.125
1060,61314.12
1061,28943.768
1062,69654.15
1063,78864.14
1064,15349.958
1065,261790.75
1066,11860.34
1067,6961.8413
1068,2414.4949
1069,31040.684
1070,8927.085
1071,17288.266
1072,1151.3627
1073,81671.18
1074,10993.936
1075,34915.05
1076,18379.508
1077,5507.355
1078,24530.324
1079,62072.63
1080,51819.36
1081,22539.81
1082,3516.804
1083,4159.701
1084,47478.53
1085,1375.1671
1086,14204.428
1087,13210.072
1088,4240.8086
1089,11218.439
1090,15488.206
1091,65547.69
1092,5491.0103
1093,12429.743
1094,52506.258
1095,85262.22
1096,31674.941
1097,2075.0933
1098,9256.6045
1099,34305.84
1100,9292.324
1101,6808.342
1102,23974.398
1103,57782.77
1104,60007.938
1105,81691.12
1106,49867.62
1107,50207.2
1108,27979.459
1109,37444.203
1110,59531.29
1111,109365.81
1112,1633.8328
1113,14003.72
1114,2527.9497
1115,75399.836
1116,11802.822
1117,10252.471
1118,43939.336
1119,21908.229
1120,5603.135
1121,456.4585
1122,55248.195
1123,91062.08
1124,17445.566
1125,2855.9897
1126,1727.948
1127,1895.8398
1128,9641.529
1129,10281.525
1130,590.361
1131,26094.135
1132,44678.953
1133,15345.113
1134,209984.58
1135,77853.95
1136,14439.13
1137,4733.26
1138,149774.67
1139,3717.1787
1140,13573.15
1141,42278.06
1142,11618.381
1143,44084.145
1144,30770.783
1145,22830.367
1146,7928.611
1147,7915.6143
1148,29675.365
1149,15922.608
1150,17918.502
1151,44502.51
1152,19224.736
1153,2052.956
1154,43565.055
1155,51331.62
1156,4710.806
1157,5874.85
1158,4770.4185
1159,35524.883
1160,2398.5378
1161,42247.305
1162,77396.82
1163,36891.945
1164,74626.15
1165,4159.8955
1166,2698.2925
1167,2873.2876
1168,5861.098
1169,24889.844
1170,10510.602
1171,9315.067
1172,7327.832
1173,23036.508
1174,11507.691
1175,5470.9556
1176,26713.855
1177,3556.4927
1178,25337.408
1179,5233.2944
1180,4765.8564
1181,19208.664
1182,105460.484
1183,74224.91
1184,15015.634
1185,6969.256
1186,1827.3949
1187,1220.4213
1188,42187.234
1189,1919.1869
1190,9052.119
1191,54373.64
1192,20140.002
1193,43404.062
1194,22215.46
1195,26750.898
1196,20420.803
1197,3186.2344
1198,59233.688
1199,6686.8726
1200,4813.1504
1201,62652.742
1202,37557.83
1203,31751.734
1204,96545.53
1205,15306.511
1206,55450.58
1207,8083.019
1208,11369.077
1209,17672.176
1210,14851.361
1211,5161.254
1212,712.0102
1213,54997.7
1214,105011.37
1215,16121.885
1216,2208.5483
1217,38797.74
1218,18079.244
1219,83361.24
1220,8575.292
1221,16214.358
1222,28335.05
1223,7507.7217
1224,65222.25
1225,13611.613
1226,178234.22
1227,22237.443
1228,1876.1517
1229,9069.101
1230,54206.56
1231,4438.844
1232,11874.556
1233,54539.414
1234,8499.15
1235,6596.0967
1236,7117.5586
1237,8673.077
1238,7159.6167
1239,920.1128
1240,30510.242
1241,24621.686
1242,6301.01
1243,54540.664
1244,37900.305
1245,3175.2925
1246,4730.4707
1247,8918.872
1248,29024.566
1249,740.7835
1250,15134.912
1251,24500.512
1252,14606.56
1253,26927.285
1254,53375.312
1255,9081.885
1256,120044.41
1257,8184.249
1258,1044.8021
1259,4864.9395
1260,83774.39
1261,3162.143
1262,57132.887
1263,1432.9197
1264,1315.4563
1265,10261.07
1266,42955.45
1267,32794.684
1268,5903.014
1269,24117.018
1270,40648.406
1271,26763.914
1272,33881.23
1273,41852.85
1274,20958.713
1275,27412.766
1276,20230.059
1277,12740.475
1278,2813.6606
1279,5725.112
1280,54886.72
1281,3403.3413
1282,5412.593
1283,2459.5244
1284,6578.4917
1285,11917.795
1286,32805.977
1287,14474.538
1288,45432.617
1289,11442.888
1290,3712.4976
1291,137754.9
1292,78419.09
1293,2907.6997
1294,5583.917
1295,8989.3545
1296,51350.18
1297,6572.1763
1298,82430.984
1299,7470.4062
1300,48448.24
1301,18968.9
1302,94537.4
1303,7938.9624
1304,2900.2114
1305,15751.433
1306,12249.377
1307,43181.684
1308,979.418
1309,27050.81
1310,645.29913
1311,12622.982
1312,678.7938
1313,2183.4968
1314,11846.683
1315,87358.05
1316,200010.28
1317,11732.709
1318,13489.099
1319,9431.914
1320,4872.56
1321,9879.558
1322,26354.818
1323,103330.766
1324,98910.03
1325,7029.7686
1326,14680.496
1327,30050.018
1328,27573.732
1329,179405.47
1330,52664.434
1331,2422.46
1332,2492.4893
1333,109130.766
1334,3816.5642
1335,12833.086
1336,6123.245
1337,7010.966
1338,29611.416
1339,19940.523
1340,12960.615
1341,63955.047
1342,62089.68
1343,128082.66
1344,22203.854
1345,35932.1
1346,4415.588
1347,13901.772
1348,16061.355
1349,4714.834
1350,63144.32
1351,1105.2396
1352,936.20337
1353,31583.572
1354,50864.58
1355,15530.54
1356,11605.833
1357,55961.17
1358,54485.19
1359,4649.2905
1360,16583.436
1361,77861.01
1362,10161.449
1363,14154.648
1364,96318.375
1365,77175.625
1366,59978.242
1367,39323.656
1368,172710.47
1369,13356.332
1370,9556.742
1371,9740.02
1372,1286.3864
1373,61409.625
1374,52995.15
1375,38949.223
1376,5512.8843
1377,32791.56
1378,10908.727
1379,22016.918
1380,51128.227
1381,2647.131
1382,46745.28
1383,8887.317
1384,38110.06
1385,2505.1592
1386,9853.331
1387,11149.968
1388,42501.457
1389,2084.2856
1390,29343.223
1391,79457.52
1392,119165.08
1393,12202.047
1394,7880.074
1395,12762.049
1396,184708.97
1397,35878.375
1398,17133.379
1399,3146.5706
1400,67675.72
1401,18388.871
1402,73047.32
1403,7875.1226
1404,9605.842
1405,61326.87
1406,26836.426
1407,3816.9246
1408,1213.0283
1409,6882.868
1410,5239.838
1411,37468.316
1412,54419.293
1413,105896.98
1414,5832.027
1415,13944.545
1416,12353.02
1417,2233.868
1418,38632.586
1419,11631.043
1420,12650.654
1421,56343.047
1422,29551.719
1423,24999.588
1424,5601.991
1425,457.2331
1426,22809.713
1427,2113.8604
1428,31345.281
1429,1171.1501
1430,31158.107
1431,193634.86
1432,11989.645
1433,17049.514
1434,10103.803
1435,89276.49
1436,22587.734
1437,8432.584
1438,66278.56
1439,3910.701
1440,18986.91
1441,54382.3
1442,1258.0474
1443,2863.6714
1444,32491.959
1445,18923.709
1446,51034.984
1447,231745.7
1448,2682.5225
1449,123513.805
1450,14411.174
1451,16802.709
1452,88724.78
1453,56389.062
1454,4941.562
1455,7100.498
1456,13862.49
1457,4814.367
1458,6671.5767
1459,71684.805
1460,35910.418
1461,49098.414
1462,34000.836
1463,3927.5542
1464,21301.23
1465,7248.9585
1466,97173.58
1467,46357.62
1468,6077.4404
1469,3149.165
1470,105881.734
1471,31117.127
1472,18347.213
1473,71497.25
1474,6992.801
1475,10047.834
1476,69618.414
1477,71058.46
1478,5436.425
1479,75394.805
1480,45748.586
1481,93528.266
1482,24141.504
1483,21213.102
1484,26164.658
1485,4176.962
1486,10127.314
1487,12042.12
1488,5226.206
1489,52567.234
1490,56372.77
1491,33234.19
1492,20888.072
1493,2972.1262
1494,2053.86
1495,270169.94
1496,22214.062
1497,176813.8
1498,46849.85
1499,11949.368
1500,3981.2083
1501,4028.299
1502,32331.715
1503,68963.42
1504,97628.83
1505,52180.336
1506,13233.54
1507,5584.7373
1508,51749.38
1509,21708.436
1510,20372.21
1511,59704.305
1512,32989.55
1513,21459.113
1514,1943.9358
1515,12522.377
1516,49255.81
1517,8570.076
1518,5403.483
1519,4434.54
1520,52492.242
1521,85565.08
1522,5025.883
1523,182337.1
1524,7746.51
1525,5780.2515
1526,1793.5461
1527,16984.643
1528,25551.805
1529,150304.11
1530,21729.355
1531,20532.723
1532,2970.3828
1533,564.6376
1534,12648.918
1535,4246.946
1536,80398.91
1537,4961.9053
1538,10306.197
1539,5757.5205
1540,5661.062
1541,98228.03
1542,12699.046
1543,34995.125
1544,49727.95
1545,59479.31
1546,1603.2661
1547,2047.6779
1548,15861.92
1549,24620.676
1550,49897.07
1551,48517.133
1552,3949.9397
1553,27135.82
1554,2858.6055
1555,20236.367
1556,8234.518
1557,26389.955
1558,24421.965
1559,54254.76
1560,1893.982
1561,11280.853
1562,65611.92
1563,36056.574
1564,2870.971
1565,4067.7822
1566,6349.704
1567,45996.727
1568,60015.664
1569,6402.5903
1570,5189.902
1571,30357.861
1572,3599.9756
1573,63059.168
1574,16698.34
1575,94622.91
1576,33012.023
1577,106944.06
1578,32434.559
1579,34028.992
1580,20406.045
1581,5690.9473
1582,45410.914
1583,12981.349
1584,9561.747
1585,3235.8643
1586,36727.934
1587,89661.22
1588,21646.701
1589,7885.8184
1590,55551.465
1591,35528.883
1592,77853.58
1593,28414.287
1594,27955.773
1595,20357.914
1596,24329.021
1597,51767.742
1598,17583.258
1599,17121.799
1600,3796.5347
1601,6599.76
1602,37592.086
1603,2023.5532
1604,43785.523
1605,61546.473
1606,6572.2764
1607,30992.408
1608,6450.5312
1609,16299.526
1610,6468.707
1611,48542.633
1612,23574.688
1613,7259.628
1614,20281.889
1615,4172.446
1616,73090.38
1617,60291.027
1618,7295.7446
1619,4138.9453
1620,10292.121
1621,43370.465
1622,4450.499
1623,79242.76
1624,153992.53
1625,4485.9263
1626,8913.132
1627,18826.59
1628,14449.352
1629,8234.91
1630,58271.586
1631,14960.015
1632,7829.0186
1633,27035.078
1634,19136.654
1635,9236.488
1636,115741.86
1637,59018.906
1638,8318.2
1639,10525.207
1640,3202.4583
1641,32528.607
1642,4025.9941
1643,67523.51
1644,22415.176
1645,33836.766
1646,34206.586
1647,16966.365
1648,9723.842
1649,85692.23
1650,3936.252
1651,14564.076
1652,8642.705
1653,6067.588
1654,41035.305
1655,8941.009
1656,74658.47
1657,5032.863
1658,167405.16
1659,33567.8
1660,4132.14
1661,213776.03
1662,136514.19
1663,5463.8164
1664,2225.1528
1665,7119.7856
1666,6897.8394
1667,2126.399
1668,55538.75
1669,3167.0698
1670,66261.18
1671,98615.59
1672,113139.63
1673,38447.375
1674,5057.184
1675,21615.283
1676,23066.87
1677,2766.21
1678,25084.06
1679,14045.64
1680,18154.543
1681,7033.4375
1682,13074.875
1683,23072.305
1684,818.33124
1685,12143.58
1686,58356.176
1687,8919.953
1688,14994.883
1689,4981.7144
1690,1708.6633
1691,30367.56
1692,37263.73
1693,7726.1885
1694,9287.079
1695,3265.974
1696,729.0416
1697,57199.07
1698,13749.016
1699,291281.94
1700,26423.576
1701,29647.219
1702,11823.216
1703,4900.873
1704,20094.031
1705,55416.742
1706,13615.301
1707,18585.977
1708,7965.365
1709,20708.953
1710,9750.216
1711,2178.085
1712,22486.926
1713,9912.706
1714,9283.988
1715,7559.5366
1716,28146.947
1717,12656.749
1718,94723.58
1719,5199.5195
1720,72696.84
1721,4274.669
1722,13619.781
1723,23188.78
1724,11363.332
1725,36253.91
1726,10775.99
1727,1065.084
1728,40722.52
1729,77323.19
1730,31405.695
1731,35288.277
1732,21272.2
1733,11495.219
1734,3296.94
1735,11017.3545
1736,3603.2463
1737,7159.2344
1738,138681.97
1739,4174.751
1740,3080.9082
1741,15158.561
1742,40073.31
1743,14184.785
1744,5121.75
1745,27881.14
1746,24612.459
1747,18414.81
1748,92353.055
1749,102836.17
1750,25031.797
1751,1361.7616
1752,69141.88
1753,282518.06
1754,15171.707
1755,9414.065
1756,3100.4534
1757,1680.4167
1758,6724.6924
1759,18714.791
1760,5087.5107
1761,548.4307
1762,5304.9185
1763,19544.807
1764,61530.098
1765,76327.86
1766,14096.422
1767,5992.3125
1768,4778.2695
1769,2336.1213
1770,41888.754
1771,4179.4766
1772,23914.547
1773,1492.1772
1774,17866.762
1775,19414.443
1776,8465.56
1777,5781.1777
1778,12439.859
1779,55449.945
1780,44234.41
1781,66538.42
1782,106223.38
1783,76470.96
1784,11900.1
1785,40862.574
1786,37527.074
1787,50186.04
1788,84637.914
1789,60182.28
1790,97063.36
1791,22054.115
1792,2648.292
1793,5356.0576
1794,8614.526
1795,50167.33
1796,109381.56
1797,10920.24
1798,12584.756
1799,10847.358
1800,5969.71
1801,40787.39
1802,11381.543
1803,9286.875
1804,7808.138
1805,15808.321
1806,72916.53
1807,1478.4309
1808,8133.69
1809,6570.3086
1810,3610.706
1811,30648.479
1812,1723.2954
1813,25905.732
1814,13035.441
1815,157762.0
1816,68974.07
1817,152613.56
1818,3666.5432
1819,85843.55
1820,13609.251
1821,43707.254
1822,67155.266
1823,15924.644
1824,42176.53
1825,16874.43
1826,149190.33
1827,20602.36
1828,151301.62
1829,28455.832
1830,36514.746
1831,17936.215
1832,8763.381
1833,10692.48
1834,58276.03
1835,63842.734
1836,9139.515
1837,3522.223
1838,24359.691
1839,19648.086
1840,33937.34
1841,47836.773
1842,15436.312
1843,472.35147
1844,23221.068
1845,4260.7666
1846,2744.8218
1847,7965.0005
1848,37194.35
1849,15910.98
1850,40907.375
1851,128198.14
1852,805.8272
1853,27089.588
1854,39752.84
1855,2612.1543
1856,32095.033
1857,3399.6099
1858,18007.725
1859,454.86432
1860,30003.883
1861,13579.106
1862,20649.314
1863,46214.38
1864,5630.3613
1865,33396.137
1866,25422.975
1867,6234.501
1868,1575.647
1869,5390.2583
1870,34745.94
1871,31676.24
1872,69141.88
1873,6579.251
1874,6792.794
1875,2671.6855
1876,87442.484
1877,10841.173
1878,27178.607
1879,16060.835
1880,23166.168
1881,20590.494
1882,23628.617
1883,27924.676
1884,14078.189
1885,5772.246
1886,39644.71
1887,866.9059
1888,6938.3745
1889,9405.432
1890,35230.406
1891,56823.53
1892,7351.241
1893,5487.042
1894,31871.451
1895,1986.728
1896,13646.111
1897,588.31006
1898,26414.455
1899,32587.604
1900,17242.227
1901,100210.81
1902,38923.75
1903,8222.706
1904,33820.02
1905,22963.924
1906,7043.084
1907,75068.42
1908,285618.03
1909,66581.2
1910,7593.66
1911,32784.49
1912,33096.695
1913,115502.8
1914,18028.105
1915,2869.0405
1916,70469.98
1917,4356.808
1918,20184.133
1919,60287.06
1920,15946.712
1921,3317.6494
1922,10834.32
1923,1645.5193
1924,1409.7441
1925,6516.018
1926,11689.518
1927,1828.0044
1928,42557.062
1929,12729.143
1930,7362.932
1931,13737.494
1932,3518.5894
1933,57351.688
1934,36604.008
1935,45910.61
1936,33007.332
1937,17688.21
1938,11130.63
1939,81365.95
1940,10896.238
1941,5502.797
1942,2192.4084
1943,27259.027
1944,24662.908
1945,21345.217
1946,193.78453
1947,52956.8
1948,2648.4019
1949,12047.163
1950,20981.893
1951,61285.887
1952,9036.781
1953,803.9849
1954,62345.42
1955,9403.458
1956,15712.122
1957,52980.594
1958,60113.33
1959,22760.906
1960,26153.531
1961,33816.86
1962,18567.604
1963,10356.698
1964,7823.599
1965,9947.436
1966,13982.993
1967,4428.5757
1968,2483.0098
1969,9926.207
1970,37752.434
1971,24057.793
1972,38203.25
1973,9538.165
1974,4823.6245
1975,1186.4536
1976,41144.91
1977,3004.5615
1978,8347.105
1979,91646.586
1980,7827.8467
1981,17004.531
1982,42841.016
1983,39552.223
1984,24143.506
1985,89476.625
1986,2473.984
1987,92153.516
1988,21297.635
1989,3076.0479
1990,16658.924
1991,7039.35
1992,164689.72
1993,139228.34
1994,15910.131
1995,54461.504
1996,1013.63684
1997,10676.583
1998,3596.159
1999,59546.453
2000,28314.36
2001,65603.23
2002,10218.869
2003,113409.375
2004,46812.6
2005,6588.552
2006,6592.713
2007,19630.535
2008,38719.523
2009,48219.055
2010,3695.146
2011,15918.175
2012,40127.117
2013,928.1569
2014,21053.232
2015,3572.181
2016,4072.4646
2017,36478.688
2018,33089.816
2019,7775.972
2020,10494.635
2021,26613.129
2022,10459.84
2023,25384.889
2024,42621.81
2025,14897.623
2026,27779.14
2027,61219.64
2028,69263.26
2029,6561.2217
2030,10002.979
2031,218443.6
2032,14912.222
2033,6740.818
2034,51412.266
2035,85771.78
2036,16476.799
2037,53958.934
2038,1238.919
2039,13205.575
2040,17500.11
2041,5690.4697
2042,5660.198
2043,40793.03
2044,34088.273
2045,171016.38
2046,26303.693
2047,22598.55
2048,9329.943
2049,11101.718
2050,27524.68
2051,4487.972
2052,81121.81
2053,2666.9312
2054,10898.867
2055,46788.457
2056,9409.523
2057,6309.5615
2058,29516.004
2059,2143.6733
2060,52111.01
2061,102972.875
2062,53300.434
2063,2317.0847
2064,1913.315
2065,5792.0674
2066,38620.906
2067,80703.5
2068,1778.7278
2069,12568.383
2070,6705.593
2071,120977.164
2072,19137.22
2073,19298.088
2074,108535.0
2075,86371.984
2076,5904.4277
2077,68533.91
2078,28484.832
2079,77509.54
2080,26303.617
2081,37859.086
2082,20048.053
2083,9026.582
2084,57175.13
2085,25636.48
2086,30847.855
2087,65532.19
2088,16886.44
2089,88512.82
2090,10296.628
2091,37587.21
2092,4707.734
2093,19182.318
2094,34494.48
2095,19068.99
2096,12441.615
2097,48988.547
2098,115880.14
2099,6764.6426
2100,1724.567
2101,19570.174
2102,23916.484
2103,41640.33
2104,47934.824
2105,1533.3267
2106,27498.416
2107,7176.4766
2108,8925.833
2109,6695.2715
2110,59774.383
2111,25945.393
2112,6372.8516
2113,29017.508
2114,74498.72
2115,97751.34
2116,71830.77
2117,3332.2876
2118,85790.11
2119,2084.2559
2120,9034.652
2121,39592.984
2122,7833.1343
2123,41649.543
2124,24272.68
2125,7071.834
2126,121320.66
2127,2489.4697
2128,47553.03
2129,6187.3096
2130,64949.01
2131,23382.809
2132,16258.863
2133,13699.1455
2134,14055.959
2135,80742.305
2136,12119.086
2137,40306.58
2138,19536.309
2139,1545.5714
2140,2100.0205
2141,11371.105
2142,16768.72
2143,56769.363
2144,10803.127
2145,5794.654
2146,51259.465
2147,70575.64
2148,2988.399
2149,4206.2217
2150,12726.059
2151,34901.137
2152,62979.895
2153,14169.465
2154,33419.426
2155,10398.686
2156,2358.6638
2157,291493.97
2158,6497.0464
2159,823.354
2160,26994.756
2161,35086.46
2162,10497.367
2163,5578.2207
2164,23488.799
2165,6483.081
2166,107743.48
2167,5132.8325
2168,9354.509
2169,8374.17
2170,56875.254
2171,4745.611
2172,131751.08
2173,5720.4556
2174,16211.745
2175,9916.224
2176,12639.379
2177,41933.2
2178,3842.0098
2179,70193.56
2180,1306.3761
2181,81949.086
2182,17624.357
2183,116405.05
2184,16816.607
2185,102926.14
2186,2687.1458
2187,2713.9011
2188,4000.8872
2189,14289.666
2190,7543.9277
2191,3712.239
2192,32173.027
2193,20655.027
2194,28679.871
2195,1693.9089
2196,38038.668
2197,38721.332
2198,2510.8455
2199,7086.121
2200,6872.2676
2201,34934.703
2202,8734.608
2203,116951.84
2204,12810.34
2205,3670.6309
2206,74494.32
2207,4832.0337
2208,49544.61
2209,30893.785
2210,6792.671
2211,4895.2754
2212,9509.307
2213,38261.152
2214,28255.768
2215,31452.545
2216,54424.33
2217,89331.17
2218,12105.662
2219,40070.137
2220,2234.369
2221,16641.52
2222,6542.3926
2223,59203.812
2224,16124.7295
2225,8467.684
2226,22935.14
2227,11154.478
2228,4429.7964
2229,11175.2
2230,3936.7927
2231,24175.994
2232,199726.28
2233,95643.85
2234,131683.88
2235,8690.707
2236,20074.438
2237,29260.309
2238,2456.0632
2239,69925.5
2240,3340.037
2241,17885.822
2242,2590.0117
2243,6232.1763
2244,1877.6489
2245,86164.99
2246,34046.23
2247,8857.285
2248,13802.924
2249,22360.516
2250,22003.756
2251,4522.6616
2252,64621.676
2253,29798.164
2254,57818.656
2255,11194.498
2256,2609.0234
2257,12617.723
2258,6254.3945
2259,16318.534
2260,43946.504
2261,36821.297
2262,8089.4204
2263,68182.516
2264,39081.76
2265,43272.297
2266,38937.746
2267,22987.479
2268,23341.68
2269,7232.798
2270,21904.03
2271,52651.68
2272,4225.3438
2273,36777.848
2274,8347.05
2275,5505.69
2276,12876.88
2277,108181.99
2278,7754.6416
2279,5641.8447
2280,44529.383
2281,21411.91
2282,3860.386
2283,73550.34
2284,5306.0723
2285,58792.117
2286,893.7779
2287,5930.5605
2288,22237.465
2289,19075.484
2290,54387.902
2291,11060.363
2292,151566.2
2293,39478.586
2294,1880.3428
2295,43831.312
2296,3315.5486
2297,30437.643
2298,29798.477
2299,27022.137
2300,14406.255
2301,54734.816
2302,7577.237
2303,5941.296
2304,11574.439
2305,88383.59
2306,799.96155
2307,18221.17
2308,2106.8643
2309,247492.56
2310,44117.12
2311,73824.98
2312,15352.535
2313,32065.111
2314,2031.0992
2315,3006.4138
2316,18481.457
2317,8712.983
2318,8638.197
2319,7724.862
2320,1440.8766
2321,85215.64
2322,16267.1
2323,1796.4956
2324,9975.854
2325,26780.535
2326,47609.438
2327,35818.816
2328,27616.578
2329,36937.33
2330,30762.07
2331,25371.793
2332,37490.87
2333,5115.281
2334,8809.288
2335,37854.176
2336,4722.5894
2337,12598.867
2338,26740.21
2339,15844.593
2340,38783.94
2341,51313.465
2342,1316.8951
2343,7572.4253
2344,120676.41
2345,39618.254
2346,60040.965
2347,98616.53
2348,6419.964
2349,7233.3633
2350,21044.82
2351,61423.332
2352,8049.675
2353,1663.3978
2354,10477.402
2355,176777.2
2356,4439.7417
2357,66865.13
2358,24004.805
2359,4723.157
2360,111899.38
2361,46280.54
2362,40222.56
2363,19239.355
2364,11909.012
2365,4003.9758
2366,11363.624
2367,31754.854
2368,31269.74
2369,74914.086
2370,19992.338
2371,8862.187
2372,121789.336
2373,6389.242
2374,13314.361
2375,67977.67
2376,48295.54
2377,4182.6953
2378,27211.885
2379,6166.465
2380,11191.188
2381,23068.629
2382,18484.19
2383,7340.262
2384,7033.8
2385,16022.143
2386,47478.938
2387,43948.22
2388,3843.9785
2389,21241.992
2390,10459.4
2391,61489.387
2392,8887.886
2393,33702.945
2394,20492.19
2395,18486.887
2396,14826.142
2397,32786.15
2398,54848.26
2399,5491.021
2400,927.3668
2401,64769.01
2402,5608.2144
2403,30201.574
2404,37666.695
2405,242396.8
2406,6566.0986
2407,84522.164
2408,34836.156
2409,9962.97
2410,10672.775
2411,5507.124
2412,5709.5205
2413,85482.945
2414,24767.492
2415,9965.384
2416,18528.191
2417,41958.96
2418,14319.353
2419,26970.9
2420,68354.14
2421,23988.191
2422,27613.285
2423,78287.13
2424,3110.6301
2425,8354.346
2426,7686.739
2427,13659.797
2428,17159.986
2429,77920.58
2430,4824.453
2431,2814.1357
2432,58982.5
2433,92664.4
2434,4319.2476
2435,30711.885
2436,32707.852
2437,2855.2407
2438,9884.232
2439,64139.88
2440,23527.809
2441,13071.098
2442,7955.851
2443,72361.3
2444,4604.424
2445,1753.9402
2446,12646.987
2447,147227.23
2448,13594.825
2449,26216.613
2450,403.96625
2451,26812.635
2452,23119.133
2453,51555.637
2454,34432.03
2455,7161.208
2456,1272.0985
2457,228152.58
2458,8380.851
2459,4953.875
2460,25932.627
2461,19039.115
2462,142592.88
2463,14088.652
2464,119550.51
2465,36720.72
2466,139298.6
2467,87940.58
2468,17431.113
2469,47670.5
2470,37686.926
2471,29057.193
2472,8422.833
2473,26141.438
2474,3237.7168
2475,2791.967
2476,4094.7852
2477,40568.434
2478,1379.6589
2479,18307.797
2480,46876.89
2481,1106.818
2482,11079.124
2483,4418.4443
2484,29546.166
2485,21344.037
2486,44191.15
2487,27226.81
2488,33821.375
2489,79674.01
2490,9639.736
2491,29079.594
2492,3374.443
2493,9833.803
2494,62801.04
2495,12616.76
2496,3532.7622
2497,65704.84
2498,13323.761
2499,111427.836
2500,122968.805
2501,5176.4688
2502,37050.156
2503,93923.44
2504,9322.436
2505,21064.158
2506,15403.516
2507,54896.457
2508,28547.273
2509,9369.537
2510,14121.06
2511,23187.96
2512,55842.656
2513,101310.79
2514,14255.988
2515,8747.131
2516,13174.992
2517,267.8511
2518,45449.348
2519,72158.766
2520,35166.992
2521,17919.049
2522,39596.875
2523,74592.42
2524,10804.611
2525,83480.336
2526,19803.328
2527,19405.873
2528,51981.562
2529,59923.24
2530,682.6893
2531,5292.808
2532,9953.899
2533,371.14618
2534,12267.557
2535,36064.965
2536,3430.7751
2537,50293.652
2538,53701.27
2539,146225.75
2540,5192.9424
2541,6796.9805
2542,17957.338
2543,3317.029
2544,5743.7144
2545,94698.016
2546,120914.3
2547,95645.86
2548,63633.57
2549,6182.5664
2550,612.1453
2551,59267.195
2552,3933.842
2553,5807.879
2554,12245.451
2555,4530.732
2556,40176.668
2557,1761.1146
2558,5674.632
2559,6356.376
2560,92123.555
2561,56237.508
2562,22312.775
2563,61832.16
2564,8112.136
2565,20399.137
2566,3794.9597
2567,3285.4863
2568,4184.2314
2569,3531.7817
2570,18265.713
2571,85876.06
2572,46899.92
2573,50671.25
2574,11953.221
2575,6532.2783
2576,16112.615
2577,1340.1747
2578,52363.59
2579,4911.07
2580,130064.2
2581,4590.7144
2582,50030.633
2583,109680.42
2584,29454.645
2585,5138.2944
2586,2635.8438
2587,80953.414
2588,54319.01
2589,42115.516
2590,1757.0869
2591,92261.68
2592,8282.456
2593,22931.467
2594,2853.1753
2595,21190.738
2596,14209.266
2597,36787.562
2598,28075.5
2599,33468.74
2600,21787.293
2601,9311.328
2602,10798.625
2603,41562.844
2604,28918.3
2605,46200.234
2606,11101.803
2607,32638.053
2608,1615.7767
2609,1330.912
2610,6043.0757
2611,44768.31
2612,46410.836
2613,79541.53
2614,1252.8655
2615,9905.277
2616,31573.693
2617,17491.898
2618,25191.633
2619,12328.243
2620,27639.45
2621,14469.569
2622,3101.4001
2623,11322.546
2624,52819.508
2625,201032.62
2626,8625.461
2627,22506.838
2628,54750.844
2629,3840.6797
2630,42748.004
2631,3920.0793
2632,19885.486
2633,17579.87
2634,4520.0483
2635,4977.914
2636,2011.5295
2637,18767.627
2638,1505.6497
2639,30050.963
2640,50949.395
2641,20551.785
2642,10462.803
2643,6713.4453
2644,63587.83
2645,5487.743
2646,7325.7983
2647,8404.913
2648,1428.59
2649,222818.75
2650,8640.464
2651,16291.585
2652,9703.32
2653,9251.909
2654,5073.2925
2655,2253.155
2656,22346.402
2657,5471.535
2658,21666.014
2659,25083.416
2660,3176.4194
2661,5296.6514
2662,4451.9087
2663,13193.993
2664,53822.992
2665,15360.356
2666,62990.047
2667,78560.8
2668,46127.94
2669,1149.0846
2670,1904.1067
2671,9581.138
2672,14289.475
2673,54892.637
2674,15907.506
2675,46779.71
2676,65490.266
2677,8755.502
2678,61409.977
2679,6275.638
2680,8702.668
2681,183217.02
2682,10378.858
2683,15702.535
2684,5195.3896
2685,51582.44
2686,1392.5892
2687,2006.1924
2688,7598.7974
2689,1940.6416
2690,8396.909
2691,4377.4956
2692,23196.477
2693,50753.855
2694,15008.031
2695,5611.291
2696,5497.0054
2697,8140.947
2698,15402.664
2699,30284.729
2700,10421.621
2701,2004.0677
2702,45028.35
2703,37389.965
2704,28070.117
2705,180414.67
2706,1221.6921
2707,9637.622
2708,6761.6753
2709,10812.178
2710,16377.735
2711,1982.1941
2712,3129.1814
2713,45470.46
2714,1469.7246
2715,86526.66
2716,1679.4885
2717,6632.499
2718,148007.0
2719,8881.979
2720,48662.312
2721,692.95233
2722,11996.861
2723,2776.5928
2724,11884.537
2725,2657.8506
2726,2406.5984
2727,4608.708
2728,26345.293
2729,115495.97
2730,63167.21
2731,110277.945
2732,7966.079
2733,12157.104
2734,27785.871
2735,122206.33
2736,19047.088
2737,91290.85
2738,1099.9321
2739,39896.94
2740,6929.479
2741,6196.1035
2742,6009.7134
2743,81009.09
2744,15915.624
2745,32644.465
2746,206645.67
2747,35794.844
2748,14273.92
2749,3131.708
2750,28673.662
2751,114241.984
2752,30221.34
2753,13090.834
2754,38166.836
2755,2834.9814
2756,1356.4985
2757,7237.7734
2758,52370.332
2759,5510.0034
2760,13546.108
2761,27333.639
2762,5393.308
2763,47011.652
2764,68381.914
2765,21551.965
2766,5102.591
2767,87055.06
2768,132681.12
2769,3521.5173
2770,18797.955
2771,3515.0667
2772,2807.0623
2773,47740.836
2774,6333.107
2775,23883.934
2776,3566.3145
2777,91661.445
2778,15645.476
2779,18754.512
2780,1192.4036
2781,28863.523
2782,68543.97
2783,95104.84
2784,23063.107
2785,21669.031
2786,80361.66
2787,2034.6857
2788,156602.52
2789,3624.078
2790,22457.715
2791,13004.336
2792,23860.553
2793,1352.963
2794,8543.576
2795,64652.13
2796,1461.4167
2797,4804.0454
2798,133346.34
2799,28276.525
2800,210984.64
2801,4733.924
2802,113812.66
2803,80559.94
2804,29627.094
2805,4141.603
2806,104372.08
2807,14295.363
2808,125312.4
2809,8633.906
2810,5434.854
2811,137197.95
2812,8669.728
2813,37919.105
2814,18179.406
2815,97295.61
2816,4589.2783
2817,5983.163
2818,104546.516
2819,1222.0969
2820,4173.5166
2821,19380.035
2822,25950.193
2823,4539.505
2824,11335.707
2825,13593.97
2826,15302.832
2827,57011.67
2828,13979.34
2829,792.8301
2830,12555.827
2831,5176.044
2832,6951.245
2833,36749.867
2834,81816.336
2835,14771.309
2836,16536.592
2837,40684.902
2838,6817.667
2839,3553.2878
2840,12329.49
2841,79783.58
2842,7647.148
2843,1872.9991
2844,74286.305
2845,4729.108
2846,3504.1855
2847,5266.4097
2848,2580.922
2849,6222.346
2850,52866.125
2851,7263.569
2852,1825.0529
2853,7559.818
2854,20579.01
2855,4794.208
2856,11206.366
2857,96053.266
2858,90458.44
2859,5833.1064
2860,8769.125
2861,17464.46
2862,52627.13
2863,70764.555
2864,2711.867
2865,6079.603
2866,4143.895
2867,14467.099
2868,6983.4893
2869,12984.246
2870,7796.968
2871,9301.28
2872,317377.84
2873,5773.441
2874,72253.66
2875,41624.49
2876,13884.216
2877,17424.664
2878,37687.79
2879,86217.68
2880,19131.29
2881,52774.793
2882,2877.6946
2883,4060.3467
2884,18830.307
2885,4187.502
2886,11048.471
2887,42771.168
2888,21357.984
2889,94960.375
2890,26093.463
2891,9745.316
2892,7691.902
2893,16396.459
2894,1986.4645
2895,50351.676
2896,7032.3306
2897,14968.121
2898,33480.07
2899,6682.059
2900,83291.945
2901,2196.855
2902,81828.43
2903,4536.293
2904,91626.23
2905,7227.336
2906,135659.42
2907,6158.342
2908,6090.875
2909,35012.785
2910,9162.451
2911,7854.501
2912,73515.21
2913,3343.0369
2914,66111.9
2915,6528.865
2916,9910.229
2917,24752.334
2918,68961.12
2919,17417.67
2920,98115.97
2921,2558.0383
2922,7673.7876
2923,10905.086
2924,3376.33
2925,47908.957
2926,13138.49
2927,36951.703
2928,3434.0298
2929,12121.444
2930,23687.598
2931,6539.61
2932,33031.58
2933,13131.775
2934,30805.873
2935,8565.36
2936,3850.276
2937,9338.943
2938,47957.824
2939,14449.49
2940,44970.37
2941,196551.23
2942,46518.516
2943,8025.4956
2944,38240.906
2945,66939.336
2946,7037.356
2947,16875.186
2948,52436.05
2949,42983.438
2950,10675.952
2951,8920.515
2952,5550.9653
2953,81930.17
2954,19774.453
2955,41538.67
2956,6429.7075
2957,63748.67
2958,8559.023
2959,7771.1973
2960,85944.39
2961,4140.3193
2962,16588.545
2963,2371.5586
2964,45325.938
2965,2386.9114
2966,1889.144
2967,26895.512
2968,15270.116
2969,191024.1
2970,43428.617
2971,22742.18
2972,1578.9592
2973,20758.41
2974,58905.316
2975,4361.715
2976,145520.44
2977,15706.489
2978,3573.9873
2979,6741.5444
2980,34019.582
2981,41674.496
2982,11783.174
2983,11355.087
2984,52798.656
2985,6129.287
2986,32526.031
2987,73477.01
2988,58167.535
2989,8834.656
2990,36694.15
2991,126924.93
2992,28191.652
2993,42006.13
2994,38097.992
2995,287214.6
2996,7799.913
2997,43725.516
2998,2813.2874
2999,57426.12
3000,36915.598
3001,87036.14
3002,3247.179
3003,7806.433
3004,34512.086
3005,7227.0674
3006,50532.07
3007,11850.118
3008,5060.977
3009,28218.443
3010,2891.374
3011,60249.93
3012,25510.752
3013,16371.458
3014,9911.553
3015,47214.695
3016,38230.113
3017,50143.22
3018,3642.4053
3019,6606.297
3020,1488.2876
3021,62174.477
3022,3620.5774
3023,78902.13
3024,6840.1323
3025,11881.092
3026,32364.57
3027,1080.6843
3028,5890.876
3029,14684.613
3030,55137.977
3031,36680.117
3032,37125.883
3033,10534.075
3034,1194.4307
3035,42169.492
3036,28441.453
3037,92261.86
3038,86366.305
3039,14204.983
3040,39847.164
3041,40797.7
3042,5441.9243
3043,72764.41
3044,7066.1904
3045,622.79095
3046,6163.037
3047,4785.6865
3048,51313.562
3049,12651.897
3050,34937.07
3051,16376.393
3052,17843.193
3053,38906.492
3054,713.25867
3055,41660.547
3056,29380.8
3057,20298.299
3058,14100.967
3059,44935.086
3060,60086.105
3061,74247.42
3062,15070.497
3063,4007.174
3064,19154.238
3065,10227.566
3066,8974.123
3067,39010.08
3068,18126.516
3069,13212.025
3070,85626.95
3071,5108.313
3072,427.67926
3073,10284.153
3074,1815.7745
3075,72039.33
3076,15439.801
3077,3394.2598
3078,111083.85
3079,26729.197
3080,10099.505
3081,4187.7256
3082,60408.324
3083,67163.21
3084,1615.426
3085,16810.467
3086,2609.148
3087,28481.137
3088,86216.61
3089,14843.134
3090,2802.0295
3091,10950.215
3092,3815.6504
3093,31274.064
3094,26125.162
3095,8677.687
3096,116506.336
3097,29011.67
3098,3969.6572
3099,5804.916
3100,1722.2277
3101,1381.1351
3102,17887.871
3103,10403.209
3104,2145.345
3105,26042.672
3106,77256.11
3107,56027.76
3108,13809.455
3109,22552.152
3110,124409.914
3111,31180.074
3112,2709.387
3113,23857.299
3114,40393.43
3115,61198.16
3116,9819.36
3117,123717.875
3118,91538.19
3119,31010.06
3120,56636.01
3121,32383.498
3122,90893.84
3123,2966.288
3124,38173.57
3125,24146.637
3126,13161.855
3127,4329.069
3128,17243.049
3129,9024.456
3130,28224.822
3131,3256.2493
3132,30979.494
3133,1628.5452
3134,24028.191
3135,14257.756
3136,14357.355
3137,14343.025
3138,33759.953
3139,45367.414
3140,8809.641
3141,64481.5
3142,4401.9033
3143,1564.817
3144,2603.7173
3145,30998.32
3146,43304.582
3147,76205.375
3148,799.02563
3149,107112.48
3150,46997.89
3151,71936.96
3152,76461.05
3153,6326.948
3154,10637.634
3155,10567.434
3156,50150.06
3157,13636.106
3158,8462.193
3159,1749.1317
3160,57776.543
3161,9739.119
3162,47565.547
3163,9162.495
3164,77288.98
3165,10337.297
3166,2488.9224
3167,2395.053
3168,2380.229
3169,90762.95
3170,36071.535
3171,23393.584
3172,36136.58
3173,78617.76
3174,179883.8
3175,9312.784
3176,7893.381
3177,9933.935
3178,54957.59
3179,1119.6147
3180,10212.146
3181,14833.836
3182,13673.939
3183,27527.488
3184,38977.203
3185,88490.28
3186,13163.099
3187,2892.6736
3188,32746.648
3189,2271.2476
3190,567.232
3191,18586.1
3192,122732.49
3193,56852.477
3194,16725.93
3195,13559.578
3196,129950.63
3197,45033.29
3198,3485.396
3199,40325.38
3200,7110.7256
3201,32779.863
3202,12996.524
3203,2791.8179
3204,98990.336
3205,2195.9067
3206,4431.09
3207,8344.041
3208,4965.134
3209,203.48169
3210,101702.56
3211,1479.0278
3212,3179.1963
3213,59422.1
3214,25630.834
3215,12509.712
3216,29995.014
3217,4925.101
3218,9045.111
3219,5450.7144
3220,936.92175
3221,6873.231
3222,52384.418
3223,70168.195
3224,20561.805
3225,98795.39
3226,11614.77
3227,125754.76
3228,52338.08
3229,63383.004
3230,107923.55
3231,15287.821
3232,7183.955
3233,11790.402
3234,5020.9233
3235,34956.965
3236,13639.748
3237,24329.742
3238,44552.07
3239,27390.943
3240,15042.61
3241,22101.914
3242,4343.3433
3243,11380.555
3244,19215.113
3245,6947.4204
3246,10048.553
3247,5285.4824
3248,8515.761
3249,9738.144
3250,63096.465
3251,3854.4727
3252,48141.125
3253,22871.207
3254,11124.1455
3255,41676.6
3256,25957.793
3257,31245.266
3258,89517.34
3259,9338.053
3260,14342.916
3261,71227.06
3262,4209.6855
3263,36641.555
3264,81624.766
3265,468987.44
3266,32552.316
3267,7166.0796
3268,1661.1866
3269,6273.2026
3270,205787.62
3271,7044.898
3272,76575.76
3273,69038.24
3274,2120.487
3275,11742.248
3276,22777.734
3277,2354.1528
3278,2504.7146
3279,31403.06
3280,18538.85
3281,9604.898
3282,50202.22
3283,14447.382
3284,32329.617
3285,1765.9839
3286,107239.625
3287,3651.4646
3288,4216.783
3289,57255.176
3290,14439.103
3291,3200.229
3292,20319.799
3293,5396.8896
3294,1651.4025
3295,18436.672
3296,49877.656
3297,6091.334
3298,3380.1199
3299,44061.83
3300,14348.512
3301,1618.1738
3302,8563.212
3303,96531.91
3304,81613.484
3305,31359.035
3306,544.1212
3307,60266.996
3308,31462.955
3309,9394.664
3310,1275.8308
3311,40533.86
3312,87634.33
3313,170684.16
3314,89109.766
3315,89982.28
3316,8847.98
3317,5606.797
3318,14458.685
3319,4459.657
3320,5431.703
3321,22492.932
3322,10162.622
3323,33280.816
3324,4935.306
3325,130780.516
3326,56633.203
3327,27831.832
3328,67587.81
3329,44464.668
3330,58213.652
3331,56624.723
3332,22903.84
3333,19446.596
3334,27934.771
3335,100001.164
3336,48818.17
3337,63368.254
3338,46721.484
3339,26351.8
3340,102826.66
3341,84964.08
3342,64783.16
3343,40526.246
3344,29484.605
3345,161184.11
3346,41132.555
3347,118222.164
3348,95474.62
3349,114344.12
3350,89615.06
3351,41937.36
3352,13883.395
3353,49897.926
3354,41550.715
3355,180429.98
3356,88824.85
3357,78295.87
3358,75795.07
3359,94071.08
3360,66448.875
3361,162430.95
3362,101733.31
3363,243925.0
3364,140141.27
3365,101829.41
3366,23143.621
3367,51273.35
3368,99088.19
3369,4445.4927
3370,25689.273
3371,31286.355
3372,30343.967
3373,381255.53
3374,10580.676
3375,40193.03
3376,7385.707
3377,28180.361
3378,16591.756
3379,370347.53
3380,159573.11
3381,11835.638
3382,25879.582
3383,10074.693
3384,12112.003
3385,3539.681
3386,38296.637
3387,6566.9814
3388,8703.474
3389,26269.598
3390,24938.959
3391,20593.166
3392,23924.629
3393,12542.769
3394,9666.888
3395,45869.074
3396,27230.004
3397,15372.462
3398,10121.887
3399,12343.975
3400,24299.434
3401,8964.602
